01/04/2022, 13.76 ,,,,,,,,,,
02/04/2022, 7.41 ,,,,,,,,,,
03/04/2022, 4.50 ,,,,,,,,,,
04/04/2022, 6.41 ,,,,,,,,,,
05/04/2022, 4.97 ,,,,,,,,,,
06/04/2022, 7.26 ,,,,,,,,,,
07/04/2022, 8.48 ,,,,,,,,,,
08/04/2022, 10.10 ,,,,,,,,,,
09/04/2022, 10.13 ,,,,,,,,,,
10/04/2022, 8.06 ,,,,,,,,,,
11/04/2022, 11.04 ,,,,,,,,,,
12/04/2022, 10.95 ,,,,,,,,,,
13/04/2022, 10.90 ,,,,,,,,,,
14/04/2022, 9.35 ,,,,,,,,,,
15/04/2022, 9.74 ,,,,,,,,,,
16/04/2022, 10.18 ,,,,,,,,,,
17/04/2022, 6.95 ,,,,,,,,,,
18/04/2022, 10.60 ,,,,,,,,,,
19/04/2022, 10.49 ,,,,,,,,,,
20/04/2022, 11.44 ,,,,,,,,,,
21/04/2022, 11.84 ,,,,,,,,,,
22/04/2022, 12.00 ,,,,,,,,,,
23/04/2022, 12.00 ,,,,,,,,,,
24/04/2022, 11.34 ,,,,,,,,,,
25/04/2022, 12.00 ,,,,,,,,,,
26/04/2022, 12.00 ,,,,,,,,,,
27/04/2022, 12.00 ,,,,,,,,,,
28/04/2022, 12.00 ,,,,,,,,,,
29/04/2022, 12.00 ,,,,,,,,,,
30/04/2022, 12.00 ,,,,,,,,,,
01/05/2022, 11.97 ,,,,,,,,,,
02/05/2022, 12.00 ,,,,,,,,,,
03/05/2022, 11.75 ,,,,,,,,,,
04/05/2022, 11.67 ,,,,,,,,,,
05/05/2022, 11.30 ,,,,,,,,,,
06/05/2022, 10.38 ,,,,,,,,,,
07/05/2022, 9.62 ,,,,,,,,,,
08/05/2022, 6.84 ,,,,,,,,,,
09/05/2022, 8.09 ,,,,,,,,,,
10/05/2022, 5.48 ,,,,,,,,,,
11/05/2022, 5.88 ,,,,,,,,,,
12/05/2022, 5.89 ,,,,,,,,,,
13/05/2022, 4.84 ,,,,,,,,,,
14/05/2022, 4.36 ,,,,,,,,,,
15/05/2022, 3.35 ,,,,,,,,,,
16/05/2022, 4.68 ,,,,,,,,,,
17/05/2022, 5.13 ,,,,,,,,,,
18/05/2022, 5.91 ,,,,,,,,,,
19/05/2022, 6.52 ,,,,,,,,,,
20/05/2022, 6.94 ,,,,,,,,,,
21/05/2022, 6.49 ,,,,,,,,,,
22/05/2022, 2.89 ,,,,,,,,,,
23/05/2022, 3.47 ,,,,,,,,,,
24/05/2022, 3.54 ,,,,,,,,,,
25/05/2022, 4.93 ,,,,,,,,,,
26/05/2022, 6.61 ,,,,,,,,,,
27/05/2022, 7.02 ,,,,,,,,,,
28/05/2022, 5.22 ,,,,,,,,,,
29/05/2022, 4.34 ,,,,,,,,,,
30/05/2022, 6.45 ,,,,,,,,,,
31/05/2022, 5.92 ,,,,,,,,,,
01/06/2022, 6.57 ,,,,,,,,,,
02/06/2022, 7.21 ,,,,,,,,,,
03/06/2022, 6.74 ,,,,,,,,,,
04/06/2022, 7.65 ,,,,,,,,,,
05/06/2022, 7.04 ,,,,,,,,,,
06/06/2022, 8.07 ,,,,,,,,,,
07/06/2022, 6.10 ,,,,,,,,,,
08/06/2022, 6.40 ,,,,,,,,,,
09/06/2022, 6.88 ,,,,,,,,,,
10/06/2022, 7.03 ,,,,,,,,,,
11/06/2022, 7.77 ,,,,,,,,,,
12/06/2022, 5.85 ,,,,,,,,,,
13/06/2022, 8.35 ,,,,,,,,,,
14/06/2022, 9.35 ,,,,,,,,,,
15/06/2022, 10.14 ,,,,,,,,,,
16/06/2022, 8.60 ,,,,,,,,,,
17/06/2022, 6.57 ,,,,,,,,,,
18/06/2022, 5.08 ,,,,,,,,,,
19/06/2022, 4.26 ,,,,,,,,,,
20/06/2022, 4.41 ,,,,,,,,,,
21/06/2022, 3.54 ,,,,,,,,,,
22/06/2022, 4.26 ,,,,,,,,,,
23/06/2022, 5.22 ,,,,,,,,,,
24/06/2022, 7.09 ,,,,,,,,,,
25/06/2022, 5.51 ,,,,,,,,,,
26/06/2022, 5.03 ,,,,,,,,,,
27/06/2022, 6.13 ,,,,,,,,,,
28/06/2022, 6.66 ,,,,,,,,,,
29/06/2022, 7.51 ,,,,,,,,,,
30/06/2022, 3.79 ,,,,,,,,,,
01/07/2022, 4.04 ,,,,,,,,,,
02/07/2022, 4.42 ,,,,,,,,,,
03/07/2022, 3.89 ,,,,,,,,,,
04/07/2022, 4.47 ,,,,,,,,,,
05/07/2022, 4.79 ,,,,,,,,,,
06/07/2022, 6.59 ,,,,,,,,,,
07/07/2022, 6.41 ,,,,,,,,,,
08/07/2022, 7.22 ,,,,,,,,,,
09/07/2022, 6.11 ,,,,,,,,,,
10/07/2022, 3.08 ,,,,,,,,,,
11/07/2022, 4.97 ,,,,,,,,,,
12/07/2022, 5.50 ,,,,,,,,,,
13/07/2022, 3.93 ,,,,,,,,,,
14/07/2022, 4.95 ,,,,,,,,,,
15/07/2022, 5.41 ,,,,,,,,,,
16/07/2022, 5.73 ,,,,,,,,,,
17/07/2022, 4.26 ,,,,,,,,,,
18/07/2022, 5.87 ,,,,,,,,,,
19/07/2022, 6.37 ,,,,,,,,,,
20/07/2022, 5.81 ,,,,,,,,,,
21/07/2022, 6.22 ,,,,,,,,,,
22/07/2022, 5.76 ,,,,,,,,,,
23/07/2022, 5.58 ,,,,,,,,,,
24/07/2022, 4.15 ,,,,,,,,,,
25/07/2022, 4.84 ,,,,,,,,,,
26/07/2022, 6.09 ,,,,,,,,,,
27/07/2022, 6.01 ,,,,,,,,,,
28/07/2022, 6.38 ,,,,,,,,,,
29/07/2022, 6.81 ,,,,,,,,,,
30/07/2022, 7.49 ,,,,,,,,,,
31/07/2022, 4.55 ,,,,,,,,,,
01/08/2022, 5.24 ,,,,,,,,,,
02/08/2022, 5.76 ,,,,,,,,,,
03/08/2022, 5.95 ,,,,,,,,,,
04/08/2022, 7.20 ,,,,,,,,,,
05/08/2022, 6.73 ,,,,,,,,,,
06/08/2022, 5.92 ,,,,,,,,,,
07/08/2022, 3.97 ,,,,,,,,,,
08/08/2022, 4.41 ,,,,,,,,,,
09/08/2022, 3.69 ,,,,,,,,,,
10/08/2022, 3.75 ,,,,,,,,,,
11/08/2022, 3.30 ,,,,,,,,,,
12/08/2022, 3.34 ,,,,,,,,,,
13/08/2022, 3.72 ,,,,,,,,,,
14/08/2022, 3.66 ,,,,,,,,,,
15/08/2022, 3.15 ,,,,,,,,,,
16/08/2022, 5.39 ,,,,,,,,,,
17/08/2022, 5.29 ,,,,,,,,,,
18/08/2022, 4.89 ,,,,,,,,,,
19/08/2022, 4.62 ,,,,,,,,,,
20/08/2022, 5.63 ,,,,,,,,,,
21/08/2022, 3.40 ,,,,,,,,,,
22/08/2022, 4.62 ,,,,,,,,,,
23/08/2022, 4.42 ,,,,,,,,,,
24/08/2022, 4.30 ,,,,,,,,,,
25/08/2022, 5.64 ,,,,,,,,,,
26/08/2022, 6.63 ,,,,,,,,,,
27/08/2022, 7.37 ,,,,,,,,,,
28/08/2022, 6.05 ,,,,,,,,,,
29/08/2022, 7.37 ,,,,,,,,,,
30/08/2022, 7.37 ,,,,,,,,,,
31/08/2022, 7.40 ,,,,,,,,,,
01/09/2022, 8.28 ,,,,,,,,,,
02/09/2022, 9.08 ,,,,,,,,,,
03/09/2022, 7.71 ,,,,,,,,,,
04/09/2022, 5.29 ,,,,,,,,,,
05/09/2022, 6.73 ,,,,,,,,,,
06/09/2022, 7.73 ,,,,,,,,,,
07/09/2022, 8.69 ,,,,,,,,,,
08/09/2022, 7.75 ,,,,,,,,,,
09/09/2022, 7.42 ,,,,,,,,,,
10/09/2022, 7.50 ,,,,,,,,,,
11/09/2022, 5.02 ,,,,,,,,,,
12/09/2022, 4.96 ,,,,,,,,,,
13/09/2022, 5.27 ,,,,,,,,,,
14/09/2022, 4.55 ,,,,,,,,,,
15/09/2022, 3.81 ,,,,,,,,,,
16/09/2022, 3.94 ,,,,,,,,,,
17/09/2022, 3.81 ,,,,,,,,,,
18/09/2022, 3.59 ,,,,,,,,,,
19/09/2022, 4.62 ,,,,,,,,,,
20/09/2022, 5.82 ,,,,,,,,,,
21/09/2022, 4.70 ,,,,,,,,,,
22/09/2022, 4.60 ,,,,,,,,,,
23/09/2022, 4.07 ,,,,,,,,,,
24/09/2022, 4.00 ,,,,,,,,,,
25/09/2022, 3.29 ,,,,,,,,,,
26/09/2022, 4.86 ,,,,,,,,,,
27/09/2022, 6.57 ,,,,,,,,,,
28/09/2022, 4.85 ,,,,,,,,,,
29/09/2022, 5.34 ,,,,,,,,,,
30/09/2022, 5.10 ,,,,,,,,,,
01/10/2022, 4.68 ,,,,,,,,,,
02/10/2022, 3.74 ,,,,,,,,,,
03/10/2022, 4.20 ,,,,,,,,,,
04/10/2022, 4.11 ,,,,,,,,,,
05/10/2022, 3.41 ,,,,,,,,,,
06/10/2022, 3.68 ,,,,,,,,,,
07/10/2022, 3.99 ,,,,,,,,,,
08/10/2022, 3.53 ,,,,,,,,,,
09/10/2022, 3.29 ,,,,,,,,,,
10/10/2022, 3.92 ,,,,,,,,,,
11/10/2022, 3.63 ,,,,,,,,,,
12/10/2022, 3.61 ,,,,,,,,,,
13/10/2022, 4.13 ,,,,,,,,,,
14/10/2022, 3.70 ,,,,,,,,,,
15/10/2022, 3.81 ,,,,,,,,,,
16/10/2022, 3.21 ,,,,,,,,,,
17/10/2022, 3.68 ,,,,,,,,,,
18/10/2022, 3.97 ,,,,,,,,,,
19/10/2022, 4.34 ,,,,,,,,,,
20/10/2022, 4.36 ,,,,,,,,,,
21/10/2022, 4.32 ,,,,,,,,,,
22/10/2022, 4.46 ,,,,,,,,,,
23/10/2022, 3.89 ,,,,,,,,,,
24/10/2022, 3.08 ,,,,,,,,,,
25/10/2022, 3.04 ,,,,,,,,,,
26/10/2022, 2.98 ,,,,,,,,,,
27/10/2022, 3.66 ,,,,,,,,,,
28/10/2022, 4.11 ,,,,,,,,,,
29/10/2022, 4.05 ,,,,,,,,,,
30/10/2022, 3.59 ,,,,,,,,,,
31/10/2022, 4.48 ,,,,,,,,,,
01/11/2022, 4.10 ,,,,,,,,,,
02/11/2022, 4.24 ,,,,,,,,,,
03/11/2022, 4.66 ,,,,,,,,,,
04/11/2022, 4.82 ,,,,,,,,,,
05/11/2022, 5.17 ,,,,,,,,,,
06/11/2022, 4.38 ,,,,,,,,,,
07/11/2022, 5.14 ,,,,,,,,,,
08/11/2022, 4.65 ,,,,,,,,,,
09/11/2022, 4.72 ,,,,,,,,,,
10/11/2022, 4.69 ,,,,,,,,,,
11/11/2022, 4.31 ,,,,,,,,,,
12/11/2022, 4.41 ,,,,,,,,,,
13/11/2022, 3.85 ,,,,,,,,,,
14/11/2022, 4.52 ,,,,,,,,,,
15/11/2022, 4.30 ,,,,,,,,,,
16/11/2022, 4.63 ,,,,,,,,,,
17/11/2022, 4.80 ,,,,,,,,,,
18/11/2022, 4.86 ,,,,,,,,,,
19/11/2022, 4.86 ,,,,,,,,,,
20/11/2022, 4.02 ,,,,,,,,,,
21/11/2022, 4.77 ,,,,,,,,,,
22/11/2022, 4.89 ,,,,,,,,,,
23/11/2022, 4.68 ,,,,,,,,,,
24/11/2022, 4.87 ,,,,,,,,,,
25/11/2022, 4.95 ,,,,,,,,,,
26/11/2022, 4.95 ,,,,,,,,,,
27/11/2022, 4.03 ,,,,,,,,,,
28/11/2022, 4.42 ,,,,,,,,,,
29/11/2022, 4.48 ,,,,,,,,,,
30/11/2022, 4.75 ,,,,,,,,,,
01/12/2022, 4.83 ,,,,,,,,,,
02/12/2022, 4.73 ,,,,,,,,,,
03/12/2022, 5.25 ,,,,,,,,,,
04/12/2022, 4.16 ,,,,,,,,,,
05/12/2022, 5.10 ,,,,,,,,,,
06/12/2022, 4.77 ,,,,,,,,,,
07/12/2022, 5.18 ,,,,,,,,,,
08/12/2022, 5.07 ,,,,,,,,,,
09/12/2022, 5.12 ,,,,,,,,,,
10/12/2022, 4.27 ,,,,,,,,,,
11/12/2022, 3.68 ,,,,,,,,,,
12/12/2022, 4.21 ,,,,,,,,,,
13/12/2022, 4.14 ,,,,,,,,,,
14/12/2022, 4.25 ,,,,,,,,,,
15/12/2022, 4.42 ,,,,,,,,,,
16/12/2022, 5.04 ,,,,,,,,,,
17/12/2022, 5.43 ,,,,,,,,,,
18/12/2022, 4.89 ,,,,,,,,,,
19/12/2022, 5.93 ,,,,,,,,,,
20/12/2022, 5.73 ,,,,,,,,,,
21/12/2022, 5.45 ,,,,,,,,,,
22/12/2022, 5.68 ,,,,,,,,,,
23/12/2022, 6.07 ,,,,,,,,,,
24/12/2022, 5.89 ,,,,,,,,,,
25/12/2022, 5.17 ,,,,,,,,,,
26/12/2022, 6.43 ,,,,,,,,,,
27/12/2022, 6.55 ,,,,,,,,,,
28/12/2022, 5.96 ,,,,,,,,,,
29/12/2022, 6.19 ,,,,,,,,,,
30/12/2022, 6.22 ,,,,,,,,,,
31/12/2022, 6.56 ,,,,,,,,,,
01/01/2023, 4.92 ,,,,,,,,,,
02/01/2023, 5.91 ,,,,,,,,,,
03/01/2023, 5.37 ,,,,,,,,,,
04/01/2023, 6.02 ,,,,,,,,,,
05/01/2023, 6.91 ,,,,,,,,,,
06/01/2023, 7.23 ,,,,,,,,,,
07/01/2023, 7.70 ,,,,,,,,,,
08/01/2023, 5.85 ,,,,,,,,,,
09/01/2023, 7.55 ,,,,,,,,,,
10/01/2023, 8.09 ,,,,,,,,,,
11/01/2023, 8.69 ,,,,,,,,,,
12/01/2023, 8.41 ,,,,,,,,,,
13/01/2023, 8.52 ,,,,,,,,,,
14/01/2023, 7.83 ,,,,,,,,,,
15/01/2023, 6.43 ,,,,,,,,,,
16/01/2023, 6.21 ,,,,,,,,,,
17/01/2023, 6.34 ,,,,,,,,,,
18/01/2023, 6.02 ,,,,,,,,,,
19/01/2023, 6.31 ,,,,,,,,,,
20/01/2023, 6.96 ,,,,,,,,,,
21/01/2023, 6.94 ,,,,,,,,,,
22/01/2023, 4.67 ,,,,,,,,,,
23/01/2023, 6.04 ,,,,,,,,,,
24/01/2023, 4.91 ,,,,,,,,,,
25/01/2023, 5.04 ,,,,,,,,,,
26/01/2023, 3.88 ,,,,,,,,,,
27/01/2023, 4.62 ,,,,,,,,,,
28/01/2023, 4.98 ,,,,,,,,,,
29/01/2023, 3.94 ,,,,,,,,,,
30/01/2023, 4.98 ,,,,,,,,,,
31/01/2023, 4.29 ,,,,,,,,,,
01/02/2023, 4.92 ,,,,,,,,,,
02/02/2023, 5.05 ,,,,,,,,,,
03/02/2023, 4.86 ,,,,,,,,,,
04/02/2023, 4.87 ,,,,,,,,,,
05/02/2023, 4.20 ,,,,,,,,,,
06/02/2023, 5.15 ,,,,,,,,,,
07/02/2023, 4.30 ,,,,,,,,,,
08/02/2023, 4.77 ,,,,,,,,,,
09/02/2023, 5.19 ,,,,,,,,,,
10/02/2023, 5.61 ,,,,,,,,,,
11/02/2023, 5.93 ,,,,,,,,,,
12/02/2023, 5.09 ,,,,,,,,,,
13/02/2023, 6.80 ,,,,,,,,,,
14/02/2023, 6.88 ,,,,,,,,,,
15/02/2023, 7.41 ,,,,,,,,,,
16/02/2023, 7.85 ,,,,,,,,,,
17/02/2023, 8.47 ,,,,,,,,,,
18/02/2023, 8.96 ,,,,,,,,,,
19/02/2023, 6.13 ,,,,,,,,,,
20/02/2023, 7.99 ,,,,,,,,,,
21/02/2023, 8.11 ,,,,,,,,,,
22/02/2023, 7.24 ,,,,,,,,,,
23/02/2023, 7.84 ,,,,,,,,,,
24/02/2023, 8.37 ,,,,,,,,,,
25/02/2023, 8.86 ,,,,,,,,,,
26/02/2023, 8.12 ,,,,,,,,,,
27/02/2023, 8.99 ,,,,,,,,,,
28/02/2023, 9.08 ,,,,,,,,,,
01/03/2023, 9.70 ,,,,,,,,,,
02/03/2023, 6.35 ,,,,,,,,,,
03/03/2023, 7.86 ,,,,,,,,,,
04/03/2023, 8.53 ,,,,,,,,,,
05/03/2023, 6.39 ,,,,,,,,,,
06/03/2023, 6.76 ,,,,,,,,,,
07/03/2023, 5.77 ,,,,,,,,,,
08/03/2023, 3.78 ,,,,,,,,,,
09/03/2023, 5.45 ,,,,,,,,,,
10/03/2023, 5.53 ,,,,,,,,,,
11/03/2023, 5.54 ,,,,,,,,,,
12/03/2023, 5.20 ,,,,,,,,,,
13/03/2023, 5.74 ,,,,,,,,,,
14/03/2023, 5.54 ,,,,,,,,,,
15/03/2023, 6.17 ,,,,,,,,,,
16/03/2023, 5.94 ,,,,,,,,,,
17/03/2023, 5.09 ,,,,,,,,,,
18/03/2023, 4.92 ,,,,,,,,,,
19/03/2023, 4.60 ,,,,,,,,,,
20/03/2023, 4.08 ,,,,,,,,,,
21/03/2023, 3.24 ,,,,,,,,,,
22/03/2023, 3.78 ,,,,,,,,,,
23/03/2023, 4.09 ,,,,,,,,,,
24/03/2023, 4.31 ,,,,,,,,,,
25/03/2023, 4.45 ,,,,,,,,,,
26/03/2023, 4.01 ,,,,,,,,,,
27/03/2023, 4.99 ,,,,,,,,,,
28/03/2023, 5.15 ,,,,,,,,,,
29/03/2023, 5.66 ,,,,,,,,,,
30/03/2023, 5.44 ,,,,,,,,,,
31/03/2023, 4.14 ,,,,,,,,,,
01/04/2023, 4.32 ,,,,,,,,,,
02/04/2023, 3.50 ,,,,,,,,,,
03/04/2023, 4.12 ,,,,,,,,,,
04/04/2023, 4.28 ,,,,,,,,,,
05/04/2023, 4.34 ,,,,,,,,,,
06/04/2023, 4.68 ,,,,,,,,,,
07/04/2023, 4.47 ,,,,,,,,,,
08/04/2023, 5.34 ,,,,,,,,,,
09/04/2023, 5.19 ,,,,,,,,,,
10/04/2023, 6.70 ,,,,,,,,,,
11/04/2023, 6.81 ,,,,,,,,,,
12/04/2023, 6.98 ,,,,,,,,,,
13/04/2023, 6.89 ,,,,,,,,,,
14/04/2023, 6.90 ,,,,,,,,,,
15/04/2023, 7.16 ,,,,,,,,,,
16/04/2023, 6.65 ,,,,,,,,,,
17/04/2023, 7.04 ,,,,,,,,,,
18/04/2023, 7.16 ,,,,,,,,,,
19/04/2023, 7.43 ,,,,,,,,,,
20/04/2023, 7.06 ,,,,,,,,,,
21/04/2023, 7.10 ,,,,,,,,,,
22/04/2023, 6.22 ,,,,,,,,,,
23/04/2023, 3.92 ,,,,,,,,,,
24/04/2023, 5.00 ,,,,,,,,,,
25/04/2023, 4.19 ,,,,,,,,,,
26/04/2023, 4.22 ,,,,,,,,,,
27/04/2023, 3.98 ,,,,,,,,,,
28/04/2023, 4.03 ,,,,,,,,,,
29/04/2023, 3.79 ,,,,,,,,,,
30/04/2023, 3.03 ,,,,,,,,,,
01/05/2023, 2.84 ,,,,,,,,,,
02/05/2023, 3.04 ,,,,,,,,,,
03/05/2023, 3.11 ,,,,,,,,,,
04/05/2023, 3.61 ,,,,,,,,,,
05/05/2023, 3.64 ,,,,,,,,,,
06/05/2023, 3.83 ,,,,,,,,,,
07/05/2023, 3.64 ,,,,,,,,,,
08/05/2023, 5.24 ,,,,,,,,,,
09/05/2023, 5.35 ,,,,,,,,,,
10/05/2023, 6.06 ,,,,,,,,,,
11/05/2023, 5.54 ,,,,,,,,,,
12/05/2023, 5.80 ,,,,,,,,,,
13/05/2023, 4.93 ,,,,,,,,,,
14/05/2023, 4.06 ,,,,,,,,,,
15/05/2023, 4.82 ,,,,,,,,,,
16/05/2023, 4.60 ,,,,,,,,,,
17/05/2023, 5.71 ,,,,,,,,,,
18/05/2023, 6.68 ,,,,,,,,,,
19/05/2023, 6.52 ,,,,,,,,,,
20/05/2023, 6.57 ,,,,,,,,,,
21/05/2023, 5.12 ,,,,,,,,,,
22/05/2023, 5.62 ,,,,,,,,,,
23/05/2023, 5.02 ,,,,,,,,,,
24/05/2023, 5.02 ,,,,,,,,,,
25/05/2023, 3.47 ,,,,,,,,,,
26/05/2023, 3.50 ,,,,,,,,,,
27/05/2023, 2.90 ,,,,,,,,,,
28/05/2023, 3.66 ,,,,,,,,,,
29/05/2023, 5.58 ,,,,,,,,,,
30/05/2023, 5.44 ,,,,,,,,,,
31/05/2023, 5.94 ,,,,,,,,,,
01/06/2023, 6.06 ,,,,,,,,,,
02/06/2023, 5.64 ,,,,,,,,,,
03/06/2023, 5.77 ,,,,,,,,,,
04/06/2023, 5.69 ,,,,,,,,,,
05/06/2023, 5.71 ,,,,,,,,,,
06/06/2023, 6.53 ,,,,,,,,,,
07/06/2023, 6.52 ,,,,,,,,,,
08/06/2023, 6.28 ,,,,,,,,,,
09/06/2023, 6.40 ,,,,,,,,,,
10/06/2023, 6.55 ,,,,,,,,,,
11/06/2023, 5.14 ,,,,,,,,,,
12/06/2023, 5.59 ,,,,,,,,,,
13/06/2023, 5.48 ,,,,,,,,,,
14/06/2023, 5.67 ,,,,,,,,,,
15/06/2023, 5.24 ,,,,,,,,,,
16/06/2023, 6.02 ,,,,,,,,,,
17/06/2023, 6.79 ,,,,,,,,,,
18/06/2023, 5.42 ,,,,,,,,,,
19/06/2023, 5.81 ,,,,,,,,,,
20/06/2023, 5.54 ,,,,,,,,,,
21/06/2023, 6.04 ,,,,,,,,,,
22/06/2023, 5.78 ,,,,,,,,,,
23/06/2023, 5.04 ,,,,,,,,,,
24/06/2023, 5.52 ,,,,,,,,,,
25/06/2023, 4.24 ,,,,,,,,,,
26/06/2023, 3.08 ,,,,,,,,,,
27/06/2023, 3.24 ,,,,,,,,,,
28/06/2023, 3.64 ,,,,,,,,,,
29/06/2023, 2.92 ,,,,,,,,,,
30/06/2023, 3.73 ,,,,,,,,,,
01/07/2023, 3.47 ,,,,,,,,,,
02/07/2023, 3.08 ,,,,,,,,,,
03/07/2023, 4.62 ,,,,,,,,,,
04/07/2023, 4.93 ,,,,,,,,,,
05/07/2023, 5.22 ,,,,,,,,,,
06/07/2023, 5.23 ,,,,,,,,,,
07/07/2023, 4.10 ,,,,,,,,,,
08/07/2023, 3.46 ,,,,,,,,,,
09/07/2023, 2.44 ,,,,,,,,,,
10/07/2023, 3.84 ,,,,,,,,,,
11/07/2023, 5.26 ,,,,,,,,,,
12/07/2023, 4.87 ,,,,,,,,,,
13/07/2023, 5.41 ,,,,,,,,,,
14/07/2023, 5.62 ,,,,,,,,,,
15/07/2023, 5.60 ,,,,,,,,,,
16/07/2023, 5.26 ,,,,,,,,,,
17/07/2023, 5.25 ,,,,,,,,,,
18/07/2023, 4.94 ,,,,,,,,,,
19/07/2023, 4.57 ,,,,,,,,,,
20/07/2023, 4.95 ,,,,,,,,,,
21/07/2023, 5.36 ,,,,,,,,,,
22/07/2023, 5.30 ,,,,,,,,,,
23/07/2023, 4.33 ,,,,,,,,,,
24/07/2023, 4.80 ,,,,,,,,,,
25/07/2023, 4.92 ,,,,,,,,,,
26/07/2023, 5.16 ,,,,,,,,,,
27/07/2023, 4.58 ,,,,,,,,,,
28/07/2023, 3.61 ,,,,,,,,,,
29/07/2023, 3.39 ,,,,,,,,,,
30/07/2023, 2.85 ,,,,,,,,,,
31/07/2023, 4.53 ,,,,,,,,,,
01/08/2023, 5.14 ,,,,,,,,,,
02/08/2023, 3.73 ,,,,,,,,,,
03/08/2023, 3.39 ,,,,,,,,,,
04/08/2023, 3.96 ,,,,,,,,,,
05/08/2023, 4.31 ,,,,,,,,,,
06/08/2023, 3.37 ,,,,,,,,,,
07/08/2023, 4.88 ,,,,,,,,,,
08/08/2023, 5.09 ,,,,,,,,,,
09/08/2023, 6.40 ,,,,,,,,,,
10/08/2023, 7.44 ,,,,,,,,,,
11/08/2023, 7.99 ,,,,,,,,,,
12/08/2023, 7.80 ,,,,,,,,,,
13/08/2023, 5.88 ,,,,,,,,,,
14/08/2023, 6.21 ,,,,,,,,,,
15/08/2023, 5.36 ,,,,,,,,,,
16/08/2023, 7.73 ,,,,,,,,,,
17/08/2023, 8.94 ,,,,,,,,,,
18/08/2023, 9.23 ,,,,,,,,,,
19/08/2023, 8.91 ,,,,,,,,,,
20/08/2023, 6.90 ,,,,,,,,,,
21/08/2023, 8.03 ,,,,,,,,,,
22/08/2023, 9.36 ,,,,,,,,,,
23/08/2023, 9.33 ,,,,,,,,,,
24/08/2023, 8.16 ,,,,,,,,,,
25/08/2023, 8.31 ,,,,,,,,,,
26/08/2023, 7.93 ,,,,,,,,,,
27/08/2023, 6.34 ,,,,,,,,,,
28/08/2023, 7.96 ,,,,,,,,,,
29/08/2023, 7.92 ,,,,,,,,,,
30/08/2023, 8.64 ,,,,,,,,,,
31/08/2023, 9.07 ,,,,,,,,,,
01/09/2023, 10.00 ,,,,,,,,,,
02/09/2023, 10.00 ,,,,,,,,,,
03/09/2023, 10.00 ,,,,,,,,,,
04/09/2023, 10.00 ,,,,,,,,,,
05/09/2023, 8.96 ,,,,,,,,,,
06/09/2023, 7.99 ,,,,,,,,,,
07/09/2023, 6.72 ,,,,,,,,,,
08/09/2023, 5.98 ,,,,,,,,,,
09/09/2023, 5.87 ,,,,,,,,,,
10/09/2023, 3.70 ,,,,,,,,,,
11/09/2023, 4.43 ,,,,,,,,,,
12/09/2023, 4.95 ,,,,,,,,,,
13/09/2023, 5.99 ,,,,,,,,,,
14/09/2023, 6.75 ,,,,,,,,,,
15/09/2023, 7.81 ,,,,,,,,,,
16/09/2023, 6.86 ,,,,,,,,,,
17/09/2023, 4.05 ,,,,,,,,,,
18/09/2023, 4.01 ,,,,,,,,,,
19/09/2023, 4.26 ,,,,,,,,,,
20/09/2023, 4.60 ,,,,,,,,,,
21/09/2023, 6.49 ,,,,,,,,,,
22/09/2023, 5.97 ,,,,,,,,,,
23/09/2023, 4.72 ,,,,,,,,,,
24/09/2023, 4.45 ,,,,,,,,,,
25/09/2023, 5.01 ,,,,,,,,,,
26/09/2023, 4.10 ,,,,,,,,,,
27/09/2023, 5.55 ,,,,,,,,,,
28/09/2023, 4.65 ,,,,,,,,,,
29/09/2023, 7.00 ,,,,,,,,,,
30/09/2023, 6.12 ,,,,,,,,,,
01/10/2023, 3.78 ,,,,,,,,,,
02/10/2023, 3.49 ,,,,,,,,,,
03/10/2023, 4.10 ,,,,,,,,,,
04/10/2023, 4.10 ,,,,,,,,,,
05/10/2023, 6.51 ,,,,,,,,,,
06/10/2023, 7.61 ,,,,,,,,,,
07/10/2023, 8.33 ,,,,,,,,,,
08/10/2023, 8.15 ,,,,,,,,,,
09/10/2023, 9.13 ,,,,,,,,,,
10/10/2023, 10.00 ,,,,,,,,,,
11/10/2023, 10.00 ,,,,,,,,,,
12/10/2023, 10.00 ,,,,,,,,,,
13/10/2023, 10.00 ,,,,,,,,,,
14/10/2023, 9.02 ,,,,,,,,,,
15/10/2023, 7.06 ,,,,,,,,,,
16/10/2023, 8.68 ,,,,,,,,,,
17/10/2023, 8.97 ,,,,,,,,,,
18/10/2023, 7.30 ,,,,,,,,,,
19/10/2023, 6.91 ,,,,,,,,,,
20/10/2023, 7.05 ,,,,,,,,,,
21/10/2023, 5.45 ,,,,,,,,,,
22/10/2023, 4.14 ,,,,,,,,,,
23/10/2023, 4.27 ,,,,,,,,,,
24/10/2023, 3.50 ,,,,,,,,,,
25/10/2023, 4.67 ,,,,,,,,,,
26/10/2023, 4.97 ,,,,,,,,,,
27/10/2023, 4.83 ,,,,,,,,,,
28/10/2023, 4.81 ,,,,,,,,,,
29/10/2023, 3.89 ,,,,,,,,,,
30/10/2023, 4.54 ,,,,,,,,,,
31/10/2023, 4.77 ,,,,,,,,,,
01/11/2023, 4.94 ,,,,,,,,,,
02/11/2023, 5.01 ,,,,,,,,,,
03/11/2023, 4.64 ,,,,,,,,,,
04/11/2023, 4.97 ,,,,,,,,,,
05/11/2023, 4.39 ,,,,,,,,,,
06/11/2023, 4.72 ,,,,,,,,,,
07/11/2023, 4.32 ,,,,,,,,,,
08/11/2023, 4.20 ,,,,,,,,,,
09/11/2023, 4.41 ,,,,,,,,,,
10/11/2023, 4.16 ,,,,,,,,,,
11/11/2023, 3.81 ,,,,,,,,,,
12/11/2023, 2.86 ,,,,,,,,,,
13/11/2023, 2.70 ,,,,,,,,,,
14/11/2023, 2.86 ,,,,,,,,,,
15/11/2023, 3.32 ,,,,,,,,,,
16/11/2023, 3.61 ,,,,,,,,,,
17/11/2023, 3.65 ,,,,,,,,,,
18/11/2023, 3.94 ,,,,,,,,,,
19/11/2023, 3.52 ,,,,,,,,,,
20/11/2023, 4.40 ,,,,,,,,,,
21/11/2023, 4.12 ,,,,,,,,,,
22/11/2023, 4.20 ,,,,,,,,,,
23/11/2023, 4.44 ,,,,,,,,,,
24/11/2023, 4.54 ,,,,,,,,,,
25/11/2023, 4.06 ,,,,,,,,,,
26/11/2023, 3.23 ,,,,,,,,,,
27/11/2023, 3.61 ,,,,,,,,,,
28/11/2023, 3.50 ,,,,,,,,,,
29/11/2023, 3.77 ,,,,,,,,,,
30/11/2023, 3.69 ,,,,,,,,,,
01/12/2023, 3.88 ,,,,,,,,,,
02/12/2023, 3.86 ,,,,,,,,,,
03/12/2023, 3.06 ,,,,,,,,,,
04/12/2023, 3.34 ,,,,,,,,,,
05/12/2023, 3.40 ,,,,,,,,,,
06/12/2023, 3.30 ,,,,,,,,,,
07/12/2023, 3.86 ,,,,,,,,,,
08/12/2023, 4.10 ,,,,,,,,,,
09/12/2023, 3.70 ,,,,,,,,,,
10/12/2023, 3.07 ,,,,,,,,,,
11/12/2023, 4.07 ,,,,,,,,,,
12/12/2023, 4.39 ,,,,,,,,,,
13/12/2023, 4.86 ,,,,,,,,,,
14/12/2023, 5.03 ,,,,,,,,,,
15/12/2023, 4.92 ,,,,,,,,,,
16/12/2023, 5.03 ,,,,,,,,,,
17/12/2023, 3.56 ,,,,,,,,,,
18/12/2023, 4.01 ,,,,,,,,,,
19/12/2023, 4.49 ,,,,,,,,,,
20/12/2023, 4.79 ,,,,,,,,,,
21/12/2023, 5.18 ,,,,,,,,,,
22/12/2023, 5.72 ,,,,,,,,,,
23/12/2023, 5.98 ,,,,,,,,,,
24/12/2023, 4.14 ,,,,,,,,,,
25/12/2023, 4.70 ,,,,,,,,,,
26/12/2023, 5.89 ,,,,,,,,,,
27/12/2023, 6.12 ,,,,,,,,,,
28/12/2023, 5.93 ,,,,,,,,,,
29/12/2023, 5.69 ,,,,,,,,,,
30/12/2023, 5.85 ,,,,,,,,,,
31/12/2023, 5.01 ,,,,,,,,,,
01/01/2024, 5.22 ,,,,,,,,,,
02/01/2024, 5.58 ,,,,,,,,,,
03/01/2024, 5.08 ,,,,,,,,,,
04/01/2024, 5.57 ,,,,,,,,,,
05/01/2024, 5.69 ,,,,,,,,,,
06/01/2024, 5.70 ,,,,,,,,,,
07/01/2024, 5.08 ,,,,,,,,,,
08/01/2024, 5.77 ,,,,,,,,,,
09/01/2024, 5.19 ,,,,,,,,,,
10/01/2024, 5.55 ,,,,,,,,,,
11/01/2024, 5.20 ,,,,,,,,,,
12/01/2024, 5.19 ,,,,,,,,,,
13/01/2024, 5.23 ,,,,,,,,,,
14/01/2024, 4.29 ,,,,,,,,,,
15/01/2024, 5.80 ,,,,,,,,,,
16/01/2024, 6.02 ,,,,,,,,,,
17/01/2024, 5.90 ,,,,,,,,,,
18/01/2024, 6.18 ,,,,,,,,,,
19/01/2024, 6.35 ,,,,,,,,,,
20/01/2024, 6.54 ,,,,,,,,,,
21/01/2024, 5.73 ,,,,,,,,,,
22/01/2024, 6.62 ,,,,,,,,,,
23/01/2024, 6.51 ,,,,,,,,,,
24/01/2024, 6.73 ,,,,,,,,,,
25/01/2024, 6.66 ,,,,,,,,,,
26/01/2024, 5.95 ,,,,,,,,,,
27/01/2024, 6.51 ,,,,,,,,,,
28/01/2024, 5.75 ,,,,,,,,,,
29/01/2024, 6.31 ,,,,,,,,,,
30/01/2024, 6.49 ,,,,,,,,,,
31/01/2024, 6.36 ,,,,,,,,,,
01/02/2024, 6.49 ,,,,,,,,,,
02/02/2024, 5.67 ,,,,,,,,,,
03/02/2024, 6.10 ,,,,,,,,,,
04/02/2024, 4.22 ,,,,,,,,,,
05/02/2024, 5.61 ,,,,,,,,,,
06/02/2024, 5.46 ,,,,,,,,,,
07/02/2024, 5.72 ,,,,,,,,,,
08/02/2024, 5.70 ,,,,,,,,,,
09/02/2024, 5.80 ,,,,,,,,,,
10/02/2024, 5.64 ,,,,,,,,,,
11/02/2024, 4.13 ,,,,,,,,,,
12/02/2024, 5.90 ,,,,,,,,,,
13/02/2024, 5.84 ,,,,,,,,,,
14/02/2024, 5.42 ,,,,,,,,,,
15/02/2024, 4.90 ,,,,,,,,,,
16/02/2024, 4.76 ,,,,,,,,,,
17/02/2024, 4.22 ,,,,,,,,,,
18/02/2024, 3.73 ,,,,,,,,,,
19/02/2024, 4.03 ,,,,,,,,,,
20/02/2024, 3.88 ,,,,,,,,,,
21/02/2024, 3.95 ,,,,,,,,,,
22/02/2024, 4.12 ,,,,,,,,,,
23/02/2024, 4.98 ,,,,,,,,,,
24/02/2024, 5.12 ,,,,,,,,,,
25/02/2024, 3.81 ,,,,,,,,,,
26/02/2024, 4.81 ,,,,,,,,,,
27/02/2024, 4.00 ,,,,,,,,,,
28/02/2024, 3.97 ,,,,,,,,,,
29/02/2024, 4.84 ,,,,,,,,,,
01/03/2024, 4.57 ,,,,,,,,,,
02/03/2024, 3.58 ,,,,,,,,,,
03/03/2024, 3.24 ,,,,,,,,,,
04/03/2024, 3.65 ,,,,,,,,,,
05/03/2024, 3.54 ,,,,,,,,,,
06/03/2024, 3.37 ,,,,,,,,,,
07/03/2024, 3.51 ,,,,,,,,,,
08/03/2024, 3.91 ,,,,,,,,,,
09/03/2024, 4.21 ,,,,,,,,,,
10/03/2024, 3.41 ,,,,,,,,,,
11/03/2024, 3.90 ,,,,,,,,,,
12/03/2024, 3.66 ,,,,,,,,,,
13/03/2024, 4.01 ,,,,,,,,,,
14/03/2024, 5.03 ,,,,,,,,,,
15/03/2024, 4.55 ,,,,,,,,,,
16/03/2024, 4.80 ,,,,,,,,,,
17/03/2024, 3.96 ,,,,,,,,,,
18/03/2024, 4.03 ,,,,,,,,,,
19/03/2024, 4.01 ,,,,,,,,,,
20/03/2024, 3.92 ,,,,,,,,,,
21/03/2024, 3.90 ,,,,,,,,,,
22/03/2024, 3.67 ,,,,,,,,,,
23/03/2024, 3.82 ,,,,,,,,,,
24/03/2024, 3.49 ,,,,,,,,,,
25/03/2024, 2.75 ,,,,,,,,,,
26/03/2024, 3.19 ,,,,,,,,,,
27/03/2024, 3.51 ,,,,,,,,,,
28/03/2024, 3.95 ,,,,,,,,,,
29/03/2024, 4.84 ,,,,,,,,,,
30/03/2024, 5.16 ,,,,,,,,,,
31/03/2024, 4.08 ,,,,,,,,,,
01/04/2024, 5.22 ,,,,,,,,,,
02/04/2024, 4.63 ,,,,,,,,,,
03/04/2024, 4.32 ,,,,,,,,,,
04/04/2024, 5.25 ,,,,,,,,,,
05/04/2024, 5.87 ,,,,,,,,,,
06/04/2024, 6.59 ,,,,,,,,,,
07/04/2024, 4.85 ,,,,,,,,,,
08/04/2024, 4.95 ,,,,,,,,,,
09/04/2024, 4.44 ,,,,,,,,,,
10/04/2024, 4.95 ,,,,,,,,,,
11/04/2024, 4.00 ,,,,,,,,,,
12/04/2024, 4.60 ,,,,,,,,,,
13/04/2024, 3.83 ,,,,,,,,,,
14/04/2024, 3.36 ,,,,,,,,,,
15/04/2024, 3.81 ,,,,,,,,,,
16/04/2024, 4.42 ,,,,,,,,,,
17/04/2024, 5.01 ,,,,,,,,,,
18/04/2024, 6.84 ,,,,,,,,,,
19/04/2024, 5.90 ,,,,,,,,,,
20/04/2024, 5.65 ,,,,,,,,,,
21/04/2024, 4.23 ,,,,,,,,,,
22/04/2024, 5.00 ,,,,,,,,,,
23/04/2024, 5.23 ,,,,,,,,,,
24/04/2024, 5.19 ,,,,,,,,,,
25/04/2024, 4.67 ,,,,,,,,,,
26/04/2024, 5.03 ,,,,,,,,,,
27/04/2024, 6.29 ,,,,,,,,,,
28/04/2024, 5.87 ,,,,,,,,,,
29/04/2024, 6.58 ,,,,,,,,,,
30/04/2024, 6.79 ,,,,,,,,,,
01/05/2024, 5.67 ,,,,,,,,,,
02/05/2024, 5.80 ,,,,,,,,,,
03/05/2024, 5.76 ,,,,,,,,,,
04/05/2024, 5.84 ,,,,,,,,,,
05/05/2024, 5.15 ,,,,,,,,,,
06/05/2024, 6.14 ,,,,,,,,,,
07/05/2024, 5.70 ,,,,,,,,,,
08/05/2024, 5.14 ,,,,,,,,,,
09/05/2024, 4.29 ,,,,,,,,,,
10/05/2024, 4.79 ,,,,,,,,,,
11/05/2024, 4.65 ,,,,,,,,,,
12/05/2024, 3.08 ,,,,,,,,,,
13/05/2024, 4.66 ,,,,,,,,,,
14/05/2024, 5.01 ,,,,,,,,,,
15/05/2024, 5.15 ,,,,,,,,,,
16/05/2024, 5.57 ,,,,,,,,,,
17/05/2024, 5.96 ,,,,,,,,,,
18/05/2024, 5.48 ,,,,,,,,,,
19/05/2024, 4.94 ,,,,,,,,,,
20/05/2024, 5.51 ,,,,,,,,,,
21/05/2024, 5.55 ,,,,,,,,,,
22/05/2024, 5.27 ,,,,,,,,,,
23/05/2024, 5.81 ,,,,,,,,,,
24/05/2024, 6.03 ,,,,,,,,,,
25/05/2024, 6.34 ,,,,,,,,,,
26/05/2024, 4.47 ,,,,,,,,,,
27/05/2024, 5.46 ,,,,,,,,,,
28/05/2024, 4.62 ,,,,,,,,,,
29/05/2024, 4.83 ,,,,,,,,,,
30/05/2024, 5.00 ,,,,,,,,,,
31/05/2024, 5.87 ,,,,,,,,,,
01/06/2024, 5.88 ,,,,,,,,,,
02/06/2024, 4.76 ,,,,,,,,,,
03/06/2024, 5.38 ,,,,,,,,,,
04/06/2024, 6.25 ,,,,,,,,,,
05/06/2024, 6.47 ,,,,,,,,,,
06/06/2024, 5.85 ,,,,,,,,,,
07/06/2024, 4.97 ,,,,,,,,,,
08/06/2024, 4.36 ,,,,,,,,,,
09/06/2024, 3.33 ,,,,,,,,,,
10/06/2024, 4.82 ,,,,,,,,,,
11/06/2024, 4.92 ,,,,,,,,,,
12/06/2024, 5.11 ,,,,,,,,,,
13/06/2024, 5.23 ,,,,,,,,,,
14/06/2024, 4.84 ,,,,,,,,,,
15/06/2024, 4.93 ,,,,,,,,,,
16/06/2024, 5.46 ,,,,,,,,,,
17/06/2024, 6.36 ,,,,,,,,,,
18/06/2024, 6.78 ,,,,,,,,,,
19/06/2024, 6.72 ,,,,,,,,,,
20/06/2024, 6.60 ,,,,,,,,,,
21/06/2024, 5.44 ,,,,,,,,,,
22/06/2024, 5.48 ,,,,,,,,,,
23/06/2024, 5.15 ,,,,,,,,,,
24/06/2024, 5.96 ,,,,,,,,,,
25/06/2024, 6.33 ,,,,,,,,,,
26/06/2024, 5.65 ,,,,,,,,,,
27/06/2024, 6.15 ,,,,,,,,,,
28/06/2024, 4.94 ,,,,,,,,,,
29/06/2024, 4.15 ,,,,,,,,,,
30/06/2024, 3.96 ,,,,,,,,,,
01/07/2024, 4.10 ,,,,,,,,,,
02/07/2024, 3.99 ,,,,,,,,,,
03/07/2024, 4.25 ,,,,,,,,,,
04/07/2024, 4.28 ,,,,,,,,,,
05/07/2024, 4.19 ,,,,,,,,,,
06/07/2024, 4.82 ,,,,,,,,,,
07/07/2024, 2.89 ,,,,,,,,,,
08/07/2024, 4.08 ,,,,,,,,,,
09/07/2024, 4.75 ,,,,,,,,,,
10/07/2024, 5.19 ,,,,,,,,,,
11/07/2024, 6.09 ,,,,,,,,,,
12/07/2024, 5.66 ,,,,,,,,,,
13/07/2024, 5.02 ,,,,,,,,,,
14/07/2024, 3.88 ,,,,,,,,,,
15/07/2024, 5.16 ,,,,,,,,,,
16/07/2024, 5.64 ,,,,,,,,,,
17/07/2024, 5.35 ,,,,,,,,,,
18/07/2024, 6.56 ,,,,,,,,,,
19/07/2024, 6.21 ,,,,,,,,,,
20/07/2024, 5.65 ,,,,,,,,,,
21/07/2024, 4.60 ,,,,,,,,,,
22/07/2024, 4.94 ,,,,,,,,,,
23/07/2024, 5.07 ,,,,,,,,,,
24/07/2024, 5.48 ,,,,,,,,,,
25/07/2024, 4.68 ,,,,,,,,,,
26/07/2024, 4.85 ,,,,,,,,,,
27/07/2024, 4.48 ,,,,,,,,,,
28/07/2024, 4.38 ,,,,,,,,,,
29/07/2024, 5.23 ,,,,,,,,,,
30/07/2024, 5.86 ,,,,,,,,,,
31/07/2024, 7.16 ,,,,,,,,,,
01/08/2024, 6.64 ,,,,,,,,,,
02/08/2024, 5.01 ,,,,,,,,,,
03/08/2024, 4.86 ,,,,,,,,,,
04/08/2024, 2.83 ,,,,,,,,,,
05/08/2024, 4.59 ,,,,,,,,,,
06/08/2024, 4.73 ,,,,,,,,,,
07/08/2024, 5.06 ,,,,,,,,,,
08/08/2024, 4.45 ,,,,,,,,,,
09/08/2024, 4.02 ,,,,,,,,,,
10/08/2024, 4.25 ,,,,,,,,,,
11/08/2024, 3.38 ,,,,,,,,,,
12/08/2024, 4.70 ,,,,,,,,,,
13/08/2024, 5.13 ,,,,,,,,,,
14/08/2024, 5.67 ,,,,,,,,,,
15/08/2024, 4.90 ,,,,,,,,,,
16/08/2024, 5.78 ,,,,,,,,,,
17/08/2024, 5.43 ,,,,,,,,,,
18/08/2024, 3.95 ,,,,,,,,,,
19/08/2024, 4.73 ,,,,,,,,,,
20/08/2024, 4.78 ,,,,,,,,,,
21/08/2024, 3.81 ,,,,,,,,,,
22/08/2024, 4.35 ,,,,,,,,,,
23/08/2024, 4.29 ,,,,,,,,,,
24/08/2024, 3.82 ,,,,,,,,,,
25/08/2024, 2.25 ,,,,,,,,,,
26/08/2024, 1.96 ,,,,,,,,,,
27/08/2024, 2.46 ,,,,,,,,,,
28/08/2024, 3.61 ,,,,,,,,,,
29/08/2024, 3.14 ,,,,,,,,,,
30/08/2024, 4.19 ,,,,,,,,,,
31/08/2024, 4.11 ,,,,,,,,,,
01/09/2024, 2.89 ,,,,,,,,,,
02/09/2024, 4.13 ,,,,,,,,,,
03/09/2024, 3.85 ,,,,,,,,,,
04/09/2024, 4.50 ,,,,,,,,,,
05/09/2024, 3.91 ,,,,,,,,,,
06/09/2024, 3.58 ,,,,,,,,,,
07/09/2024, 3.40 ,,,,,,,,,,
08/09/2024, 2.82 ,,,,,,,,,,
09/09/2024, 3.27 ,,,,,,,,,,
10/09/2024, 2.89 ,,,,,,,,,,
11/09/2024, 3.69 ,,,,,,,,,,
12/09/2024, 3.79 ,,,,,,,,,,
13/09/2024, 2.95 ,,,,,,,,,,
14/09/2024, 3.45 ,,,,,,,,,,
15/09/2024, 2.61 ,,,,,,,,,,
16/09/2024, 3.60 ,,,,,,,,,,
17/09/2024, 3.30 ,,,,,,,,,,
18/09/2024, 4.78 ,,,,,,,,,,
19/09/2024, 5.16 ,,,,,,,,,,
20/09/2024, 5.51 ,,,,,,,,,,
21/09/2024, 5.68 ,,,,,,,,,,
22/09/2024, 4.20 ,,,,,,,,,,
23/09/2024, 5.30 ,,,,,,,,,,
24/09/2024, 5.89 ,,,,,,,,,,
25/09/2024, 6.11 ,,,,,,,,,,
26/09/2024, 5.26 ,,,,,,,,,,
27/09/2024, 4.79 ,,,,,,,,,,
28/09/2024, 5.05 ,,,,,,,,,,
29/09/2024, 4.07 ,,,,,,,,,,
30/09/2024, 5.17 ,,,,,,,,,,
01/10/2024, 5.32 ,,,,,,,,,,
02/10/2024, 5.01 ,,,,,,,,,,
03/10/2024, 5.44 ,,,,,,,,,,
04/10/2024, 5.40 ,,,,,,,,,,
05/10/2024, 4.86 ,,,,,,,,,,
06/10/2024, 3.73 ,,,,,,,,,,
07/10/2024, 5.27 ,,,,,,,,,,
08/10/2024, 5.48 ,,,,,,,,,,
09/10/2024, 5.73 ,,,,,,,,,,
10/10/2024, 5.69 ,,,,,,,,,,
11/10/2024, 3.87 ,,,,,,,,,,
12/10/2024, 2.67 ,,,,,,,,,,
13/10/2024, 2.49 ,,,,,,,,,,
14/10/2024, 3.17 ,,,,,,,,,,
15/10/2024, 3.49 ,,,,,,,,,,
16/10/2024, 3.56 ,,,,,,,,,,
17/10/2024, 3.94 ,,,,,,,,,,
18/10/2024, 3.79 ,,,,,,,,,,
19/10/2024, 3.67 ,,,,,,,,,,
20/10/2024, 3.00 ,,,,,,,,,,
21/10/2024, 3.63 ,,,,,,,,,,
22/10/2024, 3.63 ,,,,,,,,,,
23/10/2024, 3.48 ,,,,,,,,,,
24/10/2024, 3.32 ,,,,,,,,,,
25/10/2024, 3.14 ,,,,,,,,,,
26/10/2024, 3.33 ,,,,,,,,,,
27/10/2024, 2.41 ,,,,,,,,,,
28/10/2024, 3.17 ,,,,,,,,,,
29/10/2024, 3.41 ,,,,,,,,,,
30/10/2024, 3.80 ,,,,,,,,,,
31/10/2024, 2.74 ,,,,,,,,,,
01/11/2024, 2.68 ,,,,,,,,,,
02/11/2024, 2.34 ,,,,,,,,,,
03/11/2024, 2.18 ,,,,,,,,,,
04/11/2024, 3.42 ,,,,,,,,,,
05/11/2024, 3.61 ,,,,,,,,,,
06/11/2024, 3.37 ,,,,,,,,,,
07/11/2024, 3.32 ,,,,,,,,,,
08/11/2024, 3.37 ,,,,,,,,,,
09/11/2024, 3.44 ,,,,,,,,,,
10/11/2024, 2.75 ,,,,,,,,,,
11/11/2024, 3.77 ,,,,,,,,,,
12/11/2024, 3.56 ,,,,,,,,,,
13/11/2024, 3.53 ,,,,,,,,,,
14/11/2024, 3.48 ,,,,,,,,,,
15/11/2024, 3.52 ,,,,,,,,,,
16/11/2024, 3.29 ,,,,,,,,,,
17/11/2024, 2.76 ,,,,,,,,,,
18/11/2024, 3.38 ,,,,,,,,,,
19/11/2024, 3.12 ,,,,,,,,,,
20/11/2024, 3.01 ,,,,,,,,,,
21/11/2024, 3.33 ,,,,,,,,,,
22/11/2024, 3.47 ,,,,,,,,,,
23/11/2024, 3.61 ,,,,,,,,,,
24/11/2024, 2.83 ,,,,,,,,,,
25/11/2024, 3.55 ,,,,,,,,,,
26/11/2024, 3.62 ,,,,,,,,,,
27/11/2024, 3.74 ,,,,,,,,,,
28/11/2024, 3.64 ,,,,,,,,,,
29/11/2024, 3.44 ,,,,,,,,,,
30/11/2024, 3.76 ,,,,,,,,,,
01/12/2024, 3.04 ,,,,,,,,,,
02/12/2024, 3.56 ,,,,,,,,,,
03/12/2024, 3.37 ,,,,,,,,,,
04/12/2024, 3.17 ,,,,,,,,,,
05/12/2024, 3.95 ,,,,,,,,,,
06/12/2024, 4.19 ,,,,,,,,,,
07/12/2024, 3.53 ,,,,,,,,,,
08/12/2024, 3.02 ,,,,,,,,,,
09/12/2024, 3.52 ,,,,,,,,,,
10/12/2024, 3.59 ,,,,,,,,,,
11/12/2024, 3.91 ,,,,,,,,,,
12/12/2024, 3.89 ,,,,,,,,,,
13/12/2024, 3.87 ,,,,,,,,,,
14/12/2024, 3.45 ,,,,,,,,,,
15/12/2024, 2.93 ,,,,,,,,,,
16/12/2024, 3.92 ,,,,,,,,,,
17/12/2024, 3.99 ,,,,,,,,,,
18/12/2024, 4.55 ,,,,,,,,,,
19/12/2024, 4.70 ,,,,,,,,,,
20/12/2024, 4.49 ,,,,,,,,,,
21/12/2024, 4.45 ,,,,,,,,,,
22/12/2024, 3.34 ,,,,,,,,,,
23/12/2024, 4.49 ,,,,,,,,,,
24/12/2024, 4.74 ,,,,,,,,,,
25/12/2024, 4.29 ,,,,,,,,,,
26/12/2024, 4.54 ,,,,,,,,,,
27/12/2024, 4.47 ,,,,,,,,,,
28/12/2024, 3.66 ,,,,,,,,,,
29/12/2024, 2.93 ,,,,,,,,,,
30/12/2024, 4.66 ,,,,,,,,,,
31/12/2024, 4.52 ,,,,,,,,,,
01/01/2025, 3.72 ,,,,,,,,,,
02/01/2025, 3.86 ,,,,,,,,,,
03/01/2025, 3.72 ,,,,,,,,,,
04/01/2025, 4.25 ,,,,,,,,,,
05/01/2025, 3.40 ,,,,,,,,,,
06/01/2025, 4.94 ,,,,,,,,,,
07/01/2025, 4.93 ,,,,,,,,,,
08/01/2025, 4.85 ,,,,,,,,,,
09/01/2025, 5.08 ,,,,,,,,,,
10/01/2025, 4.97 ,,,,,,,,,,
11/01/2025, 5.04 ,,,,,,,,,,
12/01/2025, 4.08 ,,,,,,,,,,
13/01/2025, 5.15 ,,,,,,,,,,
14/01/2025, 4.69 ,,,,,,,,,,
15/01/2025, 4.62 ,,,,,,,,,,
16/01/2025, 4.51 ,,,,,,,,,,
17/01/2025, 4.79 ,,,,,,,,,,
18/01/2025, 4.89 ,,,,,,,,,,
19/01/2025, 3.81 ,,,,,,,,,,
20/01/2025, 4.82 ,,,,,,,,,,
21/01/2025, 4.72 ,,,,,,,,,,
22/01/2025, 4.42 ,,,,,,,,,,
23/01/2025, 4.34 ,,,,,,,,,,
24/01/2025, 4.62 ,,,,,,,,,,
25/01/2025, 4.26 ,,,,,,,,,,
26/01/2025, 2.94 ,,,,,,,,,,
27/01/2025, 4.48 ,,,,,,,,,,
28/01/2025, 4.33 ,,,,,,,,,,
29/01/2025, 4.20 ,,,,,,,,,,
30/01/2025, 4.56 ,,,,,,,,,,
31/01/2025, 4.61 ,,,,,,,,,,
01/02/2025, 4.89 ,,,,,,,,,,
02/02/2025, 3.47 ,,,,,,,,,,
03/02/2025, 4.61 ,,,,,,,,,,
04/02/2025, 4.55 ,,,,,,,,,,
05/02/2025, 4.63 ,,,,,,,,,,
06/02/2025, 4.71 ,,,,,,,,,,
07/02/2025, 4.47 ,,,,,,,,,,
08/02/2025, 3.92 ,,,,,,,,,,
09/02/2025, 3.27 ,,,,,,,,,,
10/02/2025, 4.43 ,,,,,,,,,,
11/02/2025, 4.43 ,,,,,,,,,,
12/02/2025, 4.79 ,,,,,,,,,,
13/02/2025, 4.87 ,,,,,,,,,,
14/02/2025, 4.57 ,,,,,,,,,,
15/02/2025, 4.13 ,,,,,,,,,,
16/02/2025, 3.14 ,,,,,,,,,,
17/02/2025, 4.38 ,,,,,,,,,,
18/02/2025, 4.33 ,,,,,,,,,,
19/02/2025, 4.47 ,,,,,,,,,,
20/02/2025, 4.50 ,,,,,,,,,,
21/02/2025, 4.85 ,,,,,,,,,,
22/02/2025, 4.69 ,,,,,,,,,,
23/02/2025, 3.90 ,,,,,,,,,,
24/02/2025, 4.75 ,,,,,,,,,,
25/02/2025, 4.67 ,,,,,,,,,,
26/02/2025, 4.38 ,,,,,,,,,,
27/02/2025, 4.34 ,,,,,,,,,,
28/02/2025, 4.52 ,,,,,,,,,,
01/03/2025, 4.22 ,,,,,,,,,,
02/03/2025, 3.60 ,,,,,,,,,,
03/03/2025, 4.97 ,,,,,,,,,,
04/03/2025, 5.05 ,,,,,,,,,,
05/03/2025, 5.00 ,,,,,,,,,,
06/03/2025, 4.81 ,,,,,,,,,,
07/03/2025, 5.07 ,,,,,,,,,,
08/03/2025, 4.61 ,,,,,,,,,,
09/03/2025, 3.50 ,,,,,,,,,,
10/03/2025, 4.94 ,,,,,,,,,,
11/03/2025, 4.78 ,,,,,,,,,,
12/03/2025, 4.85 ,,,,,,,,,,
13/03/2025, 4.60 ,,,,,,,,,,
14/03/2025, 2.97 ,,,,,,,,,,
15/03/2025, 3.60 ,,,,,,,,,,
16/03/2025, 3.24 ,,,,,,,,,,
17/03/2025, 4.90 ,,,,,,,,,,
18/03/2025, 5.14 ,,,,,,,,,,
19/03/2025, 4.67 ,,,,,,,,,,
20/03/2025, 4.55 ,,,,,,,,,,
21/03/2025, 5.09 ,,,,,,,,,,
22/03/2025, 4.53 ,,,,,,,,,,
23/03/2025, 2.87 ,,,,,,,,,,
24/03/2025, 3.90 ,,,,,,,,,,
25/03/2025, 4.15 ,,,,,,,,,,
26/03/2025, 4.51 ,,,,,,,,,,
27/03/2025, 4.95 ,,,,,,,,,,
28/03/2025, 5.18 ,,,,,,,,,,
29/03/2025, 5.80 ,,,,,,,,,,
30/03/2025, 3.82 ,,,,,,,,,,
31/03/2025, 4.59 ,,,,,,,,,,
01/04/2025, 5.01 ,,,,,,,,,,
02/04/2025, 4.61 ,,,,,,,,,,
03/04/2025, 4.13 ,,,,,,,,,,
04/04/2025, 4.93 ,,,,,,,,,,
05/04/2025, 3.88 ,,,,,,,,,,
06/04/2025, 3.32 ,,,,,,,,,,
07/04/2025, 5.49 ,,,,,,,,,,
08/04/2025, 5.14 ,,,,,,,,,,
09/04/2025, 5.88 ,,,,,,,,,,
10/04/2025, 6.36 ,,,,,,,,,,
11/04/2025, 5.77 ,,,,,,,,,,
12/04/2025, 3.44 ,,,,,,,,,,
13/04/2025, 2.92 ,,,,,,,,,,
14/04/2025, 4.44 ,,,,,,,,,,
15/04/2025, 4.75 ,,,,,,,,,,
16/04/2025, 5.08 ,,,,,,,,,,
17/04/2025, 5.55 ,,,,,,,,,,
18/04/2025, 5.40 ,,,,,,,,,,
19/04/2025, 4.96 ,,,,,,,,,,
20/04/2025, 3.30 ,,,,,,,,,,
21/04/2025, 5.63 ,,,,,,,,,,
22/04/2025, 6.63 ,,,,,,,,,,
23/04/2025, 6.73 ,,,,,,,,,,
24/04/2025, 6.74 ,,,,,,,,,,
25/04/2025, 6.78 ,,,,,,,,,,
26/04/2025, 6.75 ,,,,,,,,,,
27/04/2025, 5.98 ,,,,,,,,,,
28/04/2025, 5.98 ,,,,,,,,,,
29/04/2025, 5.26 ,,,,,,,,,,
30/04/2025, 5.27 ,,,,,,,,,,
01/05/2025, 4.14 ,,,,,,,,,,
02/05/2025, 4.68 ,,,,,,,,,,
03/05/2025, 4.04 ,,,,,,,,,,
04/05/2025, 3.11 ,,,,,,,,,,
05/05/2025, 4.15 ,,,,,,,,,,
06/05/2025, 4.50 ,,,,,,,,,,
07/05/2025, 3.77 ,,,,,,,,,,
08/05/2025, 3.59 ,,,,,,,,,,
09/05/2025, 4.48 ,,,,,,,,,,
10/05/2025, 4.66 ,,,,,,,,,,
11/05/2025, 4.18 ,,,,,,,,,,
12/05/2025, 5.51 ,,,,,,,,,,
13/05/2025, 5.40 ,,,,,,,,,,
14/05/2025, 5.45 ,,,,,,,,,,
15/05/2025, 5.57 ,,,,,,,,,,
16/05/2025, 5.95 ,,,,,,,,,,
17/05/2025, 5.44 ,,,,,,,,,,
18/05/2025, 4.14 ,,,,,,,,,,
19/05/2025, 4.39 ,,,,,,,,,,
20/05/2025, 4.61 ,,,,,,,,,,
21/05/2025, 4.90 ,,,,,,,,,,
22/05/2025, 4.79 ,,,,,,,,,,
23/05/2025, 3.07 ,,,,,,,,,,
24/05/2025, 3.06 ,,,,,,,,,,
25/05/2025, 2.69 ,,,,,,,,,,
26/05/2025, 3.16 ,,,,,,,,,,
27/05/2025, 3.22 ,,,,,,,,,,
28/05/2025, 3.34 ,,,,,,,,,,
29/05/2025, 2.87 ,,,,,,,,,,
30/05/2025, 2.74 ,,,,,,,,,,
31/05/2025, 2.42 ,,,,,,,,,,
01/06/2025, 2.00 ,,,,,,,,,,
02/06/2025, 2.87 ,,,,,,,,,,
03/06/2025, 3.33 ,,,,,,,,,,
04/06/2025, 4.02 ,,,,,,,,,,
05/06/2025, 4.22 ,,,,,,,,,,
06/06/2025, 4.47 ,,,,,,,,,,
07/06/2025, 4.91 ,,,,,,,,,,
08/06/2025, 4.21 ,,,,,,,,,,
09/06/2025, 5.07 ,,,,,,,,,,
10/06/2025, 5.18 ,,,,,,,,,,
11/06/2025, 5.31 ,,,,,,,,,,
12/06/2025, 5.17 ,,,,,,,,,,
13/06/2025, 5.53 ,,,,,,,,,,
14/06/2025, 5.90 ,,,,,,,,,,
15/06/2025, 4.62 ,,,,,,,,,,
16/06/2025, 4.58 ,,,,,,,,,,
17/06/2025, 4.52 ,,,,,,,,,,
18/06/2025, 2.81 ,,,,,,,,,,
19/06/2025, 2.39 ,,,,,,,,,,
20/06/2025, 2.65 ,,,,,,,,,,
21/06/2025, 3.27 ,,,,,,,,,,
22/06/2025, 2.30 ,,,,,,,,,,
23/06/2025, 3.41 ,,,,,,,,,,
24/06/2025, 3.27 ,,,,,,,,,,
25/06/2025, 3.64 ,,,,,,,,,,
26/06/2025, 3.93 ,,,,,,,,,,
27/06/2025, 4.44 ,,,,,,,,,,
28/06/2025, 4.20 ,,,,,,,,,,
29/06/2025, 2.24 ,,,,,,,,,,
30/06/2025, 2.64 ,,,,,,,,,,
01/07/2025, 2.74 ,,,,,,,,,,
02/07/2025, 2.91 ,,,,,,,,,,
03/07/2025, 3.71 ,,,,,,,,,,
04/07/2025, 4.58 ,,,,,,,,,,
05/07/2025, 4.45 ,,,,,,,,,,
06/07/2025, 3.07 ,,,,,,,,,,
07/07/2025, 3.35 ,,,,,,,,,,
08/07/2025, 4.04 ,,,,,,,,,,
09/07/2025, 4.47 ,,,,,,,,,,
10/07/2025, 5.25 ,,,,,,,,,,
11/07/2025, 4.61 ,,,,,,,,,,
12/07/2025, 5.34 ,,,,,,,,,,
13/07/2025, 4.55 ,,,,,,,,,,
14/07/2025, 4.98 ,,,,,,,,,,
15/07/2025, 4.52 ,,,,,,,,,,
16/07/2025, 4.56 ,,,,,,,,,,
17/07/2025, 5.77 ,,,,,,,,,,
18/07/2025, 4.76 ,,,,,,,,,,
19/07/2025, 4.90 ,,,,,,,,,,
20/07/2025, 3.60 ,,,,,,,,,,
21/07/2025, 4.78 ,,,,,,,,,,
22/07/2025, 4.70 ,,,,,,,,,,
23/07/2025, 5.06 ,,,,,,,,,,
24/07/2025, 4.70 ,,,,,,,,,,
25/07/2025, 4.50 ,,,,,,,,,,
26/07/2025, 4.07 ,,,,,,,,,,
27/07/2025, 1.92 ,,,,,,,,,,
28/07/2025, 3.04 ,,,,,,,,,,
29/07/2025, 3.22 ,,,,,,,,,,
30/07/2025, 3.79 ,,,,,,,,,,
31/07/2025, 3.92 ,,,,,,,,,,
01/08/2025, 4.37 ,,,,,,,,,,
02/08/2025, 4.31 ,,,,,,,,,,
03/08/2025, 3.25 ,,,,,,,,,,
04/08/2025, 4.90 ,,,,,,,,,,
05/08/2025, 4.24 ,,,,,,,,,,
06/08/2025, 4.84 ,,,,,,,,,,
07/08/2025, 4.71 ,,,,,,,,,,
08/08/2025, 4.90 ,,,,,,,,,,
09/08/2025, 4.78 ,,,,,,,,,,
10/08/2025, 2.95 ,,,,,,,,,,
11/08/2025, 4.48 ,,,,,,,,,,
12/08/2025, 4.54 ,,,,,,,,,,
13/08/2025, 4.48 ,,,,,,,,,,
14/08/2025, 4.40 ,,,,,,,,,,
15/08/2025, 2.59 ,,,,,,,,,,
16/08/2025, 3.70 ,,,,,,,,,,
17/08/2025, 2.42 ,,,,,,,,,,
18/08/2025, 4.32 ,,,,,,,,,,
19/08/2025, 4.10 ,,,,,,,,,,
20/08/2025, 4.12 ,,,,,,,,,,
21/08/2025, 4.57 ,,,,,,,,,,
22/08/2025, 4.81 ,,,,,,,,,,
23/08/2025, 4.75 ,,,,,,,,,,
24/08/2025, 2.55 ,,,,,,,,,,
25/08/2025, 4.06 ,,,,,,,,,,
26/08/2025, 3.68 ,,,,,,,,,,
27/08/2025, 3.60 ,,,,,,,,,,
28/08/2025, 4.18 ,,,,,,,,,,
29/08/2025, 3.59 ,,,,,,,,,,
30/08/2025, 3.74 ,,,,,,,,,,
31/08/2025, 2.10 ,,,,,,,,,,
01/09/2025, 3.01 ,,,,,,,,,,
02/09/2025, 2.49 ,,,,,,,,,,
03/09/2025, 2.39 ,,,,,,,,,,
04/09/2025, 2.93 ,,,,,,,,,,
05/09/2025, 3.13 ,,,,,,,,,,
06/09/2025, 3.36 ,,,,,,,,,,
07/09/2025, 2.55 ,,,,,,,,,,
08/09/2025, 4.53 ,,,,,,,,,,
09/09/2025, 4.53 ,,,,,,,,,,
10/09/2025, 4.82 ,,,,,,,,,,
11/09/2025, 5.16 ,,,,,,,,,,
12/09/2025, 4.59 ,,,,,,,,,,
13/09/2025, 4.40 ,,,,,,,,,,
14/09/2025, 2.55 ,,,,,,,,,,
15/09/2025, 4.21 ,,,,,,,,,,
16/09/2025, 3.93 ,,,,,,,,,,
17/09/2025, 4.10 ,,,,,,,,,,
18/09/2025, 4.09 ,,,,,,,,,,
19/09/2025, 4.06 ,,,,,,,,,,
20/09/2025, 4.16 ,,,,,,,,,,
21/09/2025, 2.62 ,,,,,,,,,,
22/09/2025, 4.13 ,,,,,,,,,,
23/09/2025, 3.68 ,,,,,,,,,,
24/09/2025, 3.41 ,,,,,,,,,,
25/09/2025, 3.70 ,,,,,,,,,,
26/09/2025, 3.57 ,,,,,,,,,,
27/09/2025, 3.33 ,,,,,,,,,,
28/09/2025, 1.83 ,,,,,,,,,,
29/09/2025, 3.50 ,,,,,,,,,,
30/09/2025, 2.65 ,,,,,,,,,,
01/10/2025, 3.70 ,,,,,,,,,,
02/10/2025, 1.52 ,,,,,,,,,,
03/10/2025, 2.69 ,,,,,,,,,,
04/10/2025, 3.01 ,,,,,,,,,,
05/10/2025, 2.55 ,,,,,,,,,,
06/10/2025, 2.96 ,,,,,,,,,,
07/10/2025, 2.55 ,,,,,,,,,,
08/10/2025, 2.62 ,,,,,,,,,,
09/10/2025, 2.94 ,,,,,,,,,,
10/10/2025, 2.93 ,,,,,,,,,,
11/10/2025, 3.22 ,,,,,,,,,,
12/10/2025, 2.06 ,,,,,,,,,,
13/10/2025, 2.96 ,,,,,,,,,,
14/10/2025, 3.02 ,,,,,,,,,,
15/10/2025, 3.40 ,,,,,,,,,,
16/10/2025, 3.39 ,,,,,,,,,,
17/10/2025, 3.49 ,,,,,,,,,,
18/10/2025, 3.36 ,,,,,,,,,,
19/10/2025, 2.10 ,,,,,,,,,,
20/10/2025, 1.87 ,,,,,,,,,,
21/10/2025, 2.15 ,,,,,,,,,,
22/10/2025, 2.33 ,,,,,,,,,,
23/10/2025, 2.38 ,,,,,,,,,,
24/10/2025, 2.75 ,,,,,,,,,,
25/10/2025, 2.57 ,,,,,,,,,,
26/10/2025, 2.24 ,,,,,,,,,,
27/10/2025, 2.40 ,,,,,,,,,,
28/10/2025, 2.69 ,,,,,,,,,,
29/10/2025, 2.36 ,,,,,,,,,,
30/10/2025, 2.10 ,,,,,,,,,,
31/10/2025, 2.43 ,,,,,,,,,,
01/11/2025, 3.35 ,,,,,,,,,,
02/11/2025, 2.78 ,,,,,,,,,,
03/11/2025, 3.65 ,,,,,,,,,,
04/11/2025, 3.18 ,,,,,,,,,,
05/11/2025, 3.15 ,,,,,,,,,,
06/11/2025, 3.40 ,,,,,,,,,,
07/11/2025, 3.06 ,,,,,,,,,,
08/11/2025, 2.85 ,,,,,,,,,,
09/11/2025, 1.96 ,,,,,,,,,,
10/11/2025, 3.04 ,,,,,,,,,,
11/11/2025, 3.29 ,,,,,,,,,,
12/11/2025, 3.17 ,,,,,,,,,,
13/11/2025, 2.62 ,,,,,,,,,,
14/11/2025, 3.02 ,,,,,,,,,,
15/11/2025, 2.71 ,,,,,,,,,,
16/11/2025, 1.74 ,,,,,,,,,,
17/11/2025, 2.92 ,,,,,,,,,,
18/11/2025, 2.90 ,,,,,,,,,,
19/11/2025, 3.10 ,,,,,,,,,,
20/11/2025, 2.97 ,,,,,,,,,,
21/11/2025, 3.09 ,,,,,,,,,,
22/11/2025, 3.21 ,,,,,,,,,,
23/11/2025, 2.78 ,,,,,,,,,,
24/11/2025, 3.40 ,,,,,,,,,,
25/11/2025, 3.54 ,,,,,,,,,,
26/11/2025, 3.56 ,,,,,,,,,,
27/11/2025, 3.67 ,,,,,,,,,,
28/11/2025, 3.71 ,,,,,,,,,,
29/11/2025, 3.68 ,,,,,,,,,,
30/11/2025, 2.57 ,,,,,,,,,,
01/12/2025, 3.85 ,,,,,,,,,,
02/12/2025, 4.00 ,,,,,,,,,,
03/12/2025, 4.16 ,,,,,,,,,,
04/12/2025, 4.46 ,,,,,,,,,,
05/12/2025, 4.38 ,,,,,,,,,,
06/12/2025, 4.04 ,,,,,,,,,,
07/12/2025, 2.58 ,,,,,,,,,,
08/12/2025, 3.41 ,,,,,,,,,,
09/12/2025, 3.73 ,,,,,,,,,,
10/12/2025, 3.54 ,,,,,,,,,,
11/12/2025, 3.75 ,,,,,,,,,,
12/12/2025, 3.65 ,,,,,,,,,,
13/12/2025, 3.48 ,,,,,,,,,,
14/12/2025, 2.77 ,,,,,,,,,,
15/12/2025, 3.54 ,,,,,,,,,,
16/12/2025, 3.63 ,,,,,,,,,,
17/12/2025, 3.75 ,,,,,,,,,,
18/12/2025, 3.88 ,,,,,,,,,,
19/12/2025, 4.06 ,,,,,,,,,,
20/12/2025, 4.35 ,,,,,,,,,,
21/12/2025, 3.20 ,,,,,,,,,,
22/12/2025, 4.77 ,,,,,,,,,,
23/12/2025, 4.70 ,,,,,,,,,,
24/12/2025, 4.78 ,,,,,,,,,,
25/12/2025, 4.54 ,,,,,,,,,,
26/12/2025, 4.54 ,,,,,,,,,,
27/12/2025, 4.15 ,,,,,,,,,,
28/12/2025, 2.80 ,,,,,,,,,,
29/12/2025, 4.20 ,,,,,,,,,,
30/12/2025, 4.26 ,,,,,,,,,,
31/12/2025, 4.58 ,,,,,,,,,,